{
  "Ef_mean": -2.350331631871068,
  "Ef_std": 0.904575378845952,
  "Eg_mean": 1.049245073739001,
  "Eg_std": 1.493478081278948
}